20171201_QEh1_LC1_HLAIp_SA_JMI_3869-GA_R2.16765.16765.3.0.dta,6.529202938079834,0.8793049454689026,2113.079345703125,2_7,0.002197265625,['LQKQHVTF'],LQKQHVTF,
20171201_QEh1_LC1_HLAIp_SA_JMI_3869-GA_R2.16766.16766.2.0.dta,10.105794906616213,0.9408983588218688,2113.1943359375,0_8,0.002197265625,['NLKAAQEEY'],NLKAAQEEY,
20171201_QEh1_LC1_HLAIp_SA_JMI_3869-GA_R2.16768.16768.2.0.dta,12.242233276367188,0.8837479948997498,2113.376708984375,8,0.00390625,['KLHTGENLY'],KIHTGENLY,
20171201_QEh1_LC1_HLAIp_SA_JMI_3869-GA_R2.16769.16769.3.0.dta,14.276582717895508,0.9678094387054444,2113.477783203125,10,0.0028076171875,['GQPVGLRHTGY'],GQPVGIRHTGY,
20171201_QEh1_LC1_HLAIp_SA_JMI_3869-GA_R2.16772.16772.2.0.dta,14.50827407836914,0.927592396736145,2113.859375,10,0.004638671875,['KVMDSDEDDDY'],KVMDSDEDDDY,
20171201_QEh1_LC1_HLAIp_SA_JMI_3869-GA_R2.16774.16774.2.0.dta,12.345327377319336,0.9632579684257508,2114.0185546875,8,0.0029296875,['YQKQPKLGY'],YQKQPKLGY,
20171201_QEh1_LC1_HLAIp_SA_JMI_3869-GA_R2.16775.16775.3.0.dta,9.268444061279297,0.8165541887283325,2114.065673828125,3_8,0.0020751953125,['KVAGERYVY'],KVAGERYVY,
20171201_QEh1_LC1_HLAIp_SA_JMI_3869-GA_R2.16776.16776.2.0.dta,5.797225475311279,0.9676095843315125,2114.131591796875,0_7,0.002685546875,['PQHQVPAY'],PQHQVPAY,
20171201_QEh1_LC1_HLAIp_SA_JMI_3869-GA_R2.16777.16777.3.0.dta,10.495433807373049,0.9686583280563354,2114.218017578125,9,0.0035400390625,['RMYDEKAHEW'],RMYDEKAHEW,
20171201_QEh1_LC1_HLAIp_SA_JMI_3869-GA_R2.16779.16779.2.0.dta,4.960544109344482,0.942424178123474,2114.508056640625,8,0.0040283203125,['YERRLLEKY'],YERRLIEKY,
20171201_QEh1_LC1_HLAIp_SA_JMI_3869-GA_R2.16781.16781.3.0.dta,2.9785685539245605,0.894474446773529,2114.79248046875,3_8,0.0030517578125,['LQRSGLHDL'],IQRSGIHDL,
20171201_QEh1_LC1_HLAIp_SA_JMI_3869-GA_R2.16783.16783.2.0.dta,8.055328369140625,0.9538699984550476,2115.008544921875,8,0.0030517578125,['GQYDNRGSF'],GQYDNRGSF,
20171201_QEh1_LC1_HLAIp_SA_JMI_3869-GA_R2.16784.16784.2.0.dta,1.9687209129333496,0.9499394297599792,2115.0966796875,0_8,0.0023193359375,['LGAHAGVQY'],LGAHAGVQY,
20171201_QEh1_LC1_HLAIp_SA_JMI_3869-GA_R2.16785.16785.2.0.dta,9.718854904174805,0.931586980819702,2115.14697265625,0_8,0.00311279296875,['STAPHETSF'],STAPHETSF,
20171201_QEh1_LC1_HLAIp_SA_JMI_3869-GA_R2.16786.16786.2.0.dta,8.913106918334961,0.9033797979354858,2115.214111328125,7,0.0030517578125,['LQKQHVTF'],LQKQHVTF,
20171201_QEh1_LC1_HLAIp_SA_JMI_3869-GA_R2.16787.16787.3.1.dta,6.228338718414307,0.8971209526062012,2115.271728515625,8,0.0018310546875,['AQVTVRPKM'],AQVTVRPKM,
20171201_QEh1_LC1_HLAIp_SA_JMI_3869-GA_R2.16789.16789.2.0.dta,6.81383752822876,0.9620036482810974,2115.498779296875,8,0.0025634765625,['KLLGKVETA'],KLLGKVETA,
20171201_QEh1_LC1_HLAIp_SA_JMI_3869-GA_R2.16790.16790.2.0.dta,16.02506446838379,0.9798284769058228,2115.6484375,8,0.003662109375,['RYDPHQNQW'],RYDPHQNQW,
20171201_QEh1_LC1_HLAIp_SA_JMI_3869-GA_R2.16794.16794.3.0.dta,12.928062438964844,0.941009759902954,2116.1083984375,8,0.002197265625,['KLHTGENLY'],KIHTGENIY,
20171201_QEh1_LC1_HLAIp_SA_JMI_3869-GA_R2.16795.16795.2.1.dta,13.059684753417969,0.9059228897094728,2116.20751953125,5_8,0.0009765625,['ALNHKGLDY'],ALNHKGLDY,
20171201_QEh1_LC1_HLAIp_SA_JMI_3869-GA_R2.16797.16797.2.1.dta,4.98887300491333,0.9335113167762756,2116.309326171875,1_8,0.001708984375,['KAAAAAAAL'],KAAAAAAAL,
20171201_QEh1_LC1_HLAIp_SA_JMI_3869-GA_R2.16798.16798.3.1.dta,17.933313369750977,0.9549372792243958,2116.3779296875,8,0.0020751953125,['RTDDRPHYF'],RTDDRPHYF,
20171201_QEh1_LC1_HLAIp_SA_JMI_3869-GA_R2.16800.16800.2.0.dta,17.130126953125,0.9752511382102966,2116.680908203125,8,0.00390625,['RVLMERNQY'],RVLMERNQY,
20171201_QEh1_LC1_HLAIp_SA_JMI_3869-GA_R2.16802.16802.3.0.dta,5.137067317962647,0.9062909483909608,2116.930908203125,0_8,0.0025634765625,['VAKEKDLVY'],VAKEKDLVY,
20171201_QEh1_LC1_HLAIp_SA_JMI_3869-GA_R2.16807.16807.2.0.dta,15.027521133422852,0.9551395773887634,2117.44482421875,0_8,0.0029296875,['GQRPTQPVY'],GQRPTQPVY,
20171201_QEh1_LC1_HLAIp_SA_JMI_3869-GA_R2.16809.16809.2.0.dta,13.741336822509766,0.9322950839996338,2117.612548828125,8,0.00146484375,['KQMSTSEEL'],KQMSTSEEL,
20171201_QEh1_LC1_HLAIp_SA_JMI_3869-GA_R2.16810.16810.3.0.dta,11.805877685546877,0.9120941162109376,2117.6826171875,8,0.0030517578125,['GVKLDKTDY'],GVKIDKTDY,
20171201_QEh1_LC1_HLAIp_SA_JMI_3869-GA_R2.16811.16811.2.0.dta,17.326148986816406,0.9606859087944032,2117.746826171875,0_8,0.00048828125,['RVASVMQEY'],RVASVMQEY_6_Oxidation,"6,Oxidation[M];"
20171201_QEh1_LC1_HLAIp_SA_JMI_3869-GA_R2.16812.16812.3.0.dta,10.195449829101562,0.973159909248352,2117.833984375,8,0.0029296875,['VYTDVKHRW'],VYTDVKHRW,
20171201_QEh1_LC1_HLAIp_SA_JMI_3869-GA_R2.16814.16814.3.0.dta,5.017329692840576,0.8441625237464905,2118.1240234375,8,0.00146484375,['RANEPCTSF'],RANEPCTSF_6_Cysteinyl,"6,Cysteinyl[C];"
20171201_QEh1_LC1_HLAIp_SA_JMI_3869-GA_R2.16816.16816.2.0.dta,14.11421012878418,0.9495890140533448,2118.3427734375,0_8,0.0028076171875,['GVKLDKTDY'],GVKIDKTDY,
20171201_QEh1_LC1_HLAIp_SA_JMI_3869-GA_R2.16817.16817.3.1.dta,8.402379989624023,0.8546692132949829,2118.4912109375,8,0.0020751953125,['RLQDVRQKF'],RLQDVRQKF,
20171201_QEh1_LC1_HLAIp_SA_JMI_3869-GA_R2.16818.16818.2.0.dta,7.069575786590576,0.9064182639122008,2118.530029296875,0_8,0.003662109375,['VRNMPQQTY'],VRNMPQQTY,
20171201_QEh1_LC1_HLAIp_SA_JMI_3869-GA_R2.16823.16823.2.0.dta,7.608709812164307,0.9156937599182128,2119.00439453125,8,0.0010986328125,['HQHQLQDSL'],HQHQLQDSL,
20171201_QEh1_LC1_HLAIp_SA_JMI_3869-GA_R2.16825.16825.2.0.dta,7.360978603363037,0.9272916316986084,2119.3037109375,8,0.00042724609375,['FAQTRGNSL'],FAQTRGNSL,
20171201_QEh1_LC1_HLAIp_SA_JMI_3869-GA_R2.16831.16831.3.0.dta,13.705127716064451,0.9278132319450378,2119.969482421875,0_9,0.002685546875,['GMDRGHYTTF'],GMDRGHYTTF_2_Oxidation,"2,Oxidation[M];"
20171201_QEh1_LC1_HLAIp_SA_JMI_3869-GA_R2.16832.16832.2.1.dta,4.3323750495910645,0.8929119110107422,2120.0712890625,0_8,0.0013427734375,['AASPSGSQL'],AASPSGSQL,
20171201_QEh1_LC1_HLAIp_SA_JMI_3869-GA_R2.16834.16834.3.0.dta,13.10130500793457,0.973701000213623,2120.270751953125,10,0.0029296875,['TQMRTEESVRY'],TQMRTEESVRY,
20171201_QEh1_LC1_HLAIp_SA_JMI_3869-GA_R2.16838.16838.1.0.dta,10.202007293701172,0.9683426022529602,2120.946533203125,0_8,0.00244140625,['ALGGSGSSY'],AIGGSGSSY,
20171201_QEh1_LC1_HLAIp_SA_JMI_3869-GA_R2.16839.16839.3.1.dta,7.547534465789795,0.9553918838500975,2121.09521484375,8,0.002197265625,['HTAHLACKF'],HTAHLACKF,
20171201_QEh1_LC1_HLAIp_SA_JMI_3869-GA_R2.16840.16840.3.0.dta,8.518972396850586,0.9613369703292848,2121.14208984375,8,0.0028076171875,['RLAPPDRRF'],RIAPPDRRF,
20171201_QEh1_LC1_HLAIp_SA_JMI_3869-GA_R2.16842.16842.3.2.dta,8.760808944702148,0.8653272390365601,2121.276611328125,5_8,0.0040283203125,['VMKLVREHY'],VMKIVREHY,
20171201_QEh1_LC1_HLAIp_SA_JMI_3869-GA_R2.16845.16845.3.0.dta,12.616313934326172,0.9216593503952026,2121.52587890625,8,0.0001220703125,['YQKALQSHL'],YQKALQSHL,
20171201_QEh1_LC1_HLAIp_SA_JMI_3869-GA_R2.16846.16846.3.0.dta,9.460357666015623,0.9773947596549988,2121.624755859375,8,0.0010986328125,['HLGDFHRTY'],HLGDFHRTY,
20171201_QEh1_LC1_HLAIp_SA_JMI_3869-GA_R2.16851.16851.2.0.dta,7.944356441497803,0.9205389022827148,2122.14501953125,0_8,0.0020751953125,['AAQTVGNTY'],AAQTVGNTY,
20171201_QEh1_LC1_HLAIp_SA_JMI_3869-GA_R2.16852.16852.3.0.dta,13.402616500854492,0.8713486194610596,2122.21728515625,8,0.0013427734375,['TLSSLRSKY'],TLSSIRSKY,
20171201_QEh1_LC1_HLAIp_SA_JMI_3869-GA_R2.16853.16853.2.0.dta,12.838848114013672,0.9257516264915466,2122.30029296875,0_8,0.00262451171875,['ANRDVDNAL'],ANRDVDNAL,
20171201_QEh1_LC1_HLAIp_SA_JMI_3869-GA_R2.16854.16854.1.0.dta,8.891559600830078,0.979081392288208,2122.451904296875,0_8,0.00201416015625,['AASPSGSQL'],AASPSGSQL,
20171201_QEh1_LC1_HLAIp_SA_JMI_3869-GA_R2.16855.16855.3.0.dta,16.06664276123047,0.904831886291504,2122.547607421875,8,0.0001220703125,['RVNREVVEY'],RVNREVVEY,
20171201_QEh1_LC1_HLAIp_SA_JMI_3869-GA_R2.16856.16856.2.0.dta,6.636364459991455,0.9160082936286926,2122.65576171875,8,0.0020751953125,['YQKALQSHL'],YQKALQSHL,
20171201_QEh1_LC1_HLAIp_SA_JMI_3869-GA_R2.16858.16858.3.0.dta,15.231826782226562,0.9069902896881104,2122.955078125,16,0.0042724609375,['LQRTPKLQVYSRHPAEN'],IQRTPKIQVYSRHPAEN,
20171201_QEh1_LC1_HLAIp_SA_JMI_3869-GA_R2.16860.16860.2.0.dta,15.41732406616211,0.9403432011604308,2123.17041015625,8,0.00146484375,['RVNREVVEY'],RVNREVVEY,
20171201_QEh1_LC1_HLAIp_SA_JMI_3869-GA_R2.16861.16861.3.0.dta,8.01005744934082,0.9301260113716124,2123.24365234375,0_7,0.001708984375,['GQTCVVHY'],GQTCVVHY_4_Cysteinyl,"4,Cysteinyl[C];"
20171201_QEh1_LC1_HLAIp_SA_JMI_3869-GA_R2.16862.16862.3.0.dta,6.915012836456299,0.8757957220077515,2123.314453125,3_7,0.00146484375,['LMKKTSLY'],LMKKTSLY,
20171201_QEh1_LC1_HLAIp_SA_JMI_3869-GA_R2.16863.16863.3.2.dta,8.460586547851562,0.8266594409942627,2123.374755859375,2_8,0.0015869140625,['QLKKLSEAY'],QIKKLSEAY,
20171201_QEh1_LC1_HLAIp_SA_JMI_3869-GA_R2.16864.16864.3.0.dta,13.17202377319336,0.9358527660369872,2123.443115234375,8,0.001953125,['RVRTLTQAY'],RVRTLTQAY,
20171201_QEh1_LC1_HLAIp_SA_JMI_3869-GA_R2.16868.16868.2.1.dta,7.808449268341064,0.901897132396698,2123.970947265625,7,0.00189208984375,['LQRASTAL'],LQRASTAL,
20171201_QEh1_LC1_HLAIp_SA_JMI_3869-GA_R2.16869.16869.2.0.dta,8.307807922363281,0.9802088141441344,2124.120361328125,6,0.00164794921875,['KLDKTDY'],KIDKTDY,
20171201_QEh1_LC1_HLAIp_SA_JMI_3869-GA_R2.16871.16871.1.0.dta,7.681114673614502,0.941743016242981,2124.352294921875,0_8,0.00201416015625,['AAAESSTSL'],AAAESSTSL,
20171201_QEh1_LC1_HLAIp_SA_JMI_3869-GA_R2.16872.16872.2.0.dta,12.554649353027344,0.9447957277297974,2124.501708984375,9,0.0015869140625,['KALETDKEYY'],KAIETDKEYY,
20171201_QEh1_LC1_HLAIp_SA_JMI_3869-GA_R2.16874.16874.3.0.dta,10.075645446777344,0.9418410658836364,2124.611572265625,8,0.0018310546875,['KYKEAAHLL'],KYKEAAHLL,
20171201_QEh1_LC1_HLAIp_SA_JMI_3869-GA_R2.16875.16875.2.0.dta,9.956308364868164,0.9456993341445924,2124.693115234375,7,0.00262451171875,['LMKKTSLY'],IMKKTSLY,
20171201_QEh1_LC1_HLAIp_SA_JMI_3869-GA_R2.16876.16876.2.0.dta,15.919475555419922,0.9437933564186096,2124.784423828125,8,0.00244140625,['KAFTHYSTY'],KAFTHYSTY,
20171201_QEh1_LC1_HLAIp_SA_JMI_3869-GA_R2.16877.16877.3.0.dta,20.91283798217773,0.9267188310623168,2124.917236328125,0_17,0.00390625,['LQRTPKLQVYSRHPAENG'],IQRTPKIQVYSRHPAENG,
20171201_QEh1_LC1_HLAIp_SA_JMI_3869-GA_R2.16885.16885.2.0.dta,7.75150728225708,0.9773839116096495,2125.869140625,8,0.0020751953125,['GQWGGGSHY'],GQWGGGSHY,
20171201_QEh1_LC1_HLAIp_SA_JMI_3869-GA_R2.16886.16886.2.0.dta,11.427377700805664,0.9053306579589844,2125.929931640625,8,0.002685546875,['QAFESSQKY'],QAFESSQKY,
20171201_QEh1_LC1_HLAIp_SA_JMI_3869-GA_R2.16887.16887.2.0.dta,7.236175060272217,0.881250262260437,2125.9931640625,7,0.00213623046875,['LQRASTAL'],LQRASTAL,
20171201_QEh1_LC1_HLAIp_SA_JMI_3869-GA_R2.16889.16889.3.0.dta,9.068096160888672,0.962723195552826,2126.19189453125,8,0.000732421875,['KYLTVNKRL'],KYLTVNKRL,
20171201_QEh1_LC1_HLAIp_SA_JMI_3869-GA_R2.16890.16890.3.0.dta,11.27665901184082,0.8921197652816772,2126.340576171875,8,0.00146484375,['KMPELNAKV'],KMPEINAKV_2_Oxidation,"2,Oxidation[M];"
20171201_QEh1_LC1_HLAIp_SA_JMI_3869-GA_R2.16891.16891.2.0.dta,14.754602432250977,0.972597360610962,2126.490234375,0_8,0.00244140625,['GQRQVGVGY'],GQRQVGVGY,
20171201_QEh1_LC1_HLAIp_SA_JMI_3869-GA_R2.16896.16896.2.0.dta,9.105077743530272,0.93587064743042,2126.971435546875,7,0.00213623046875,['KQKVAELY'],KQKVAELY,
20171201_QEh1_LC1_HLAIp_SA_JMI_3869-GA_R2.16897.16897.3.0.dta,7.439815998077393,0.9442739486694336,2127.0400390625,1_9,0.0032958984375,['RLRAANKMGF'],RLRAANKMGF,
20171201_QEh1_LC1_HLAIp_SA_JMI_3869-GA_R2.16898.16898.3.0.dta,11.764476776123049,0.8989263772964478,2127.128173828125,8,0.0023193359375,['RLFRDATRY'],RLFRDATRY,
20171201_QEh1_LC1_HLAIp_SA_JMI_3869-GA_R2.16899.16899.2.0.dta,14.737842559814451,0.9737668037414552,2127.27783203125,8,0.0015869140625,['KYKEAAHLL'],KYKEAAHLL,
20171201_QEh1_LC1_HLAIp_SA_JMI_3869-GA_R2.16900.16900.3.0.dta,8.022424697875977,0.961309850215912,2127.4130859375,7,0.00128173828125,['FSKVGREL'],FSKVGREL,
20171201_QEh1_LC1_HLAIp_SA_JMI_3869-GA_R2.16901.16901.2.0.dta,13.292984008789062,0.9847585558891296,2127.563232421875,0_8,0.001708984375,['RLHEQDQLY'],RIHEQDQLY,
20171201_QEh1_LC1_HLAIp_SA_JMI_3869-GA_R2.16902.16902.3.0.dta,6.2980170249938965,0.9148401618003844,2127.711669921875,7,0.00146484375,['RQRKVVLL'],RQRKVVIL,
20171201_QEh1_LC1_HLAIp_SA_JMI_3869-GA_R2.16904.16904.3.0.dta,14.151268005371094,0.8685014247894287,2127.927001953125,8,0.001953125,['KMKELAEAY'],KMKELAEAY_2_Oxidation,"2,Oxidation[M];"
20171201_QEh1_LC1_HLAIp_SA_JMI_3869-GA_R2.16905.16905.2.0.dta,9.519245147705078,0.9409493803977966,2128.048828125,3_8,0.0064697265625,['KMKELAEAY'],KMKEIAEAY_2_Oxidation,"2,Oxidation[M];"
20171201_QEh1_LC1_HLAIp_SA_JMI_3869-GA_R2.16906.16906.2.0.dta,5.512070178985596,0.9325320720672609,2128.089599609375,5,0.00140380859375,['PPDRRF'],PPDRRF,
20171201_QEh1_LC1_HLAIp_SA_JMI_3869-GA_R2.16908.16908.3.0.dta,6.802588939666748,0.9122433662414552,2128.197021484375,7,0.0015869140625,['KQKVAELY'],KQKVAELY,
20171201_QEh1_LC1_HLAIp_SA_JMI_3869-GA_R2.16910.16910.2.0.dta,7.350430011749268,0.8914420008659363,2128.352783203125,8,0.00299072265625,['LTSNPGHSL'],LTSNPGHSL,
20171201_QEh1_LC1_HLAIp_SA_JMI_3869-GA_R2.16911.16911.2.0.dta,2.683545589447021,0.9840139150619508,2128.50146484375,4_7,0.003662109375,['FSKVGREL'],FSKVGREL,
20171201_QEh1_LC1_HLAIp_SA_JMI_3869-GA_R2.16912.16912.3.0.dta,19.231294631958008,0.9376606941223145,2128.64990234375,9,0.001953125,['RVKKLKDYAF'],RVKKLKDYAF,
20171201_QEh1_LC1_HLAIp_SA_JMI_3869-GA_R2.16913.16913.3.0.dta,8.150100708007812,0.968065083026886,2128.753173828125,8,0.0028076171875,['HYQQHPLHL'],HYQQHPLHL,
20171201_QEh1_LC1_HLAIp_SA_JMI_3869-GA_R2.16917.16917.2.0.dta,14.2037353515625,0.9314915537834167,2129.2216796875,0_8,0.00152587890625,['AMMHGGTGF'],AMMHGGTGF_2_Oxidation,"2,Oxidation[M];"
20171201_QEh1_LC1_HLAIp_SA_JMI_3869-GA_R2.16918.16918.2.0.dta,15.40323257446289,0.9647603631019592,2129.37109375,8,0.001708984375,['GVKERDQFY'],GVKERDQFY,
20171201_QEh1_LC1_HLAIp_SA_JMI_3869-GA_R2.16924.16924.2.0.dta,13.986639022827148,0.8582188487052917,2130.233154296875,0_8,0.0020751953125,['SQPPPASGY'],SQPPPASGY,
20171201_QEh1_LC1_HLAIp_SA_JMI_3869-GA_R2.16926.16926.2.0.dta,18.87997055053711,0.9240092635154724,2130.547607421875,1_8,0.001953125,['RQAFHMEQL'],RQAFHMEQL_6_Oxidation,"6,Oxidation[M];"
20171201_QEh1_LC1_HLAIp_SA_JMI_3869-GA_R2.16928.16928.3.0.dta,15.357114791870115,0.9383571743965148,2130.7509765625,8,0.001220703125,['RMLFKSKAY'],RMLFKSKAY,
20171201_QEh1_LC1_HLAIp_SA_JMI_3869-GA_R2.16929.16929.2.0.dta,9.663785934448242,0.9322633147239684,2130.836181640625,8,0.0025634765625,['RQVPEHLGP'],RQVPEHLGP,
20171201_QEh1_LC1_HLAIp_SA_JMI_3869-GA_R2.16935.16935.2.0.dta,5.235742092132568,0.8710400462150574,2131.330322265625,8,0.002197265625,['QQNMHTTTL'],QQNMHTTTL,
20171201_QEh1_LC1_HLAIp_SA_JMI_3869-GA_R2.16939.16939.2.0.dta,11.214149475097656,0.9455912113189696,2131.6494140625,1_8,0.0028076171875,['RVYESKAEF'],RVYESKAEF,
20171201_QEh1_LC1_HLAIp_SA_JMI_3869-GA_R2.16940.16940.2.0.dta,12.267133712768556,0.9579328298568726,2131.770263671875,8,0.002685546875,['TLAQRVKEV'],TLAQRVKEV,
20171201_QEh1_LC1_HLAIp_SA_JMI_3869-GA_R2.16942.16942.1.0.dta,15.26898193359375,0.9245645999908448,2132.00244140625,0_8,0.00286865234375,['SVKPASSSF'],SVKPASSSF,
20171201_QEh1_LC1_HLAIp_SA_JMI_3869-GA_R2.16944.16944.2.0.dta,3.402637004852295,0.9358124732971193,2132.21044921875,0_8,0.0023193359375,['ALPPQQQHY'],ALPPQQQHY,
20171201_QEh1_LC1_HLAIp_SA_JMI_3869-GA_R2.16945.16945.2.0.dta,15.996498107910156,0.9499406218528748,2132.35986328125,8,0.001953125,['RQQKLSSTW'],RQQKLSSTW,
20171201_QEh1_LC1_HLAIp_SA_JMI_3869-GA_R2.16946.16946.2.0.dta,5.071747303009033,0.916862726211548,2132.509521484375,6,0.000244140625,['MYDRQEM'],MYDRQEM,
20171201_QEh1_LC1_HLAIp_SA_JMI_3869-GA_R2.16948.16948.2.1.dta,8.823965072631836,0.9412940740585328,2132.73828125,7,0.0032958984375,['AALVHHSF'],AALVHHSF,
20171201_QEh1_LC1_HLAIp_SA_JMI_3869-GA_R2.16948.16948.3.0.dta,-0.6728072166442871,0.9148470759391784,2132.73828125,7,0.0029296875,['HQFQCSRL'],HQFQCSRL_5_Glutathione,"5,Glutathione[C];"
20171201_QEh1_LC1_HLAIp_SA_JMI_3869-GA_R2.16950.16950.3.0.dta,7.383376598358154,0.804073691368103,2132.92236328125,8,0.0018310546875,['TLAQRVKEV'],TLAQRVKEV,
20171201_QEh1_LC1_HLAIp_SA_JMI_3869-GA_R2.16953.16953.2.0.dta,8.556095123291016,0.9619238376617432,2133.18310546875,0_7,0.00146484375,['GQRAVQAL'],GQRAVQAL,
20171201_QEh1_LC1_HLAIp_SA_JMI_3869-GA_R2.16955.16955.3.0.dta,9.94988250732422,0.9181428551673888,2133.4384765625,8,0.00213623046875,['RSAKASLVY'],RSAKASLVY,
20171201_QEh1_LC1_HLAIp_SA_JMI_3869-GA_R2.16956.16956.3.0.dta,5.9619879722595215,0.8862388730049133,2133.5869140625,7,0.0020751953125,['NQKLLREY'],NQKIIREY,
20171201_QEh1_LC1_HLAIp_SA_JMI_3869-GA_R2.16959.16959.2.0.dta,5.463720798492432,0.9632797837257384,2133.966064453125,0_8,0.00225830078125,['AGKTVCAEY'],AGKTVCAEY,
20171201_QEh1_LC1_HLAIp_SA_JMI_3869-GA_R2.16961.16961.2.0.dta,5.137744426727295,0.9549993276596068,2134.16162109375,0_8,0.003173828125,['GLKEDTEEY'],GIKEDTEEY,
20171201_QEh1_LC1_HLAIp_SA_JMI_3869-GA_R2.16962.16962.3.1.dta,2.650604724884033,0.8300207257270813,2134.21337890625,7,0.0018310546875,['KGLRNVPY'],KGIRNVPY,
20171201_QEh1_LC1_HLAIp_SA_JMI_3869-GA_R2.16964.16964.3.0.dta,5.172630786895752,0.8362955451011658,2134.326904296875,9,0.0028076171875,['KVFPGGSHTY'],KVFPGGSHTY,
20171201_QEh1_LC1_HLAIp_SA_JMI_3869-GA_R2.16966.16966.2.1.dta,9.011810302734377,0.8837083578109741,2134.50341796875,0_8,0.0010986328125,['GQQVTLTTH'],GQQVTITTH,
